<?xml version="1.0" encoding="utf-8" ?>
<dwsync>
<file name="login.php" server="C:/xampp/htdocs/tryintellilearn/" local="132528305500000000" remote="132528305500000000" Dst="0" />
<file name="index.php" server="C:/xampp/htdocs/tryintellilearn/" local="130275721420000000" remote="130275721420000000" Dst="0" />
<file name="header.php" server="C:/xampp/htdocs/tryintellilearn/" local="133487743075697757" remote="133487743070000000" Dst="0" />
<file name="footer.php" server="C:/xampp/htdocs/tryintellilearn/" local="133486869915782268" remote="133486869910000000" Dst="0" />
<file name="dbcon.php" server="C:/xampp/htdocs/tryintellilearn/" local="132528305120000000" remote="132528305120000000" Dst="0" />
<file name="dashboard.php" server="C:/xampp/htdocs/tryintellilearn/" local="132528305500000000" remote="132528305500000000" Dst="0" />
<file name="content_sidebar.php" server="C:/xampp/htdocs/tryintellilearn/" local="130290560420000000" remote="130290560420000000" Dst="0" />
<file name="navbar_index.php" server="C:/xampp/htdocs/tryintellilearn/" local="133487749895633795" remote="133487749890000000" Dst="0" />
<file name="session.php" server="C:/xampp/htdocs/tryintellilearn/" local="132528305500000000" remote="132528305500000000" Dst="0" />
<file name="school_year_sidebar.php" server="C:/xampp/htdocs/tryintellilearn/" local="130290561260000000" remote="130290561260000000" Dst="0" />
<file name="navbar.php" server="C:/xampp/htdocs/tryintellilearn/" local="133487749757933899" remote="133487749750000000" Dst="0" />
<file name="gallery.php" server="C:/xampp/htdocs/tryintellilearn/" local="130266270040000000" remote="130266270040000000" Dst="0" />
<file name="user_log_sidebar.php" server="C:/xampp/htdocs/tryintellilearn/" local="130290560720000000" remote="130290560720000000" Dst="0" />
<file name="admin_sidebar.php" server="C:/xampp/htdocs/tryintellilearn/" local="130290558620000000" remote="130290558620000000" Dst="0" />
<file name="class_sidebar.php" server="C:/xampp/htdocs/tryintellilearn/" local="130290557060000000" remote="130290557060000000" Dst="0" />
<file name="logout.php" server="C:/xampp/htdocs/tryintellilearn/" local="132528305500000000" remote="132528305500000000" Dst="0" />
<file name="user_log.php" server="C:/xampp/htdocs/tryintellilearn/" local="132528305500000000" remote="132528305500000000" Dst="0" />
<file name="unreg_students.php" server="C:/xampp/htdocs/tryintellilearn/" local="133474312136607827" remote="133474312130000000" Dst="0" />
<file name="teacher_sidebar.php" server="C:/xampp/htdocs/tryintellilearn/" local="130290559600000000" remote="130290559600000000" Dst="0" />
<file name="student_table_reg.php" server="C:/xampp/htdocs/tryintellilearn/" local="132528305500000000" remote="132528305500000000" Dst="0" />
<file name="student_table.php" server="C:/xampp/htdocs/tryintellilearn/" local="132528305500000000" remote="132528305500000000" Dst="0" />
<file name="department.php" server="C:/xampp/htdocs/tryintellilearn/" local="132528305500000000" remote="132528305500000000" Dst="0" />
<file name="edit_content.php" server="C:/xampp/htdocs/tryintellilearn/" local="132528305500000000" remote="132528305500000000" Dst="0" />
<file name="save_student.php" server="C:/xampp/htdocs/tryintellilearn/" local="132528305500000000" remote="132528305500000000" Dst="0" />
<file name="modal_delete.php" server="C:/xampp/htdocs/tryintellilearn/" local="130269723940000000" remote="130269723940000000" Dst="0" />
</dwsync>